ID,Major group,Family,Genus hybrid marker,Genus,Species hybrid marker,Species,Infraspecific rank,Infraspecific epithet,Authorship,Taxonomic status in TPL,Nomenclatural status from original data source,Confidence level,Source,Source id,IPNI id,Publication,Collation,Page,Date
kew-38355,A,Magnoliaceae,,Champaca,,"fasciculata",,"","Noronha",Unresolved,,L,WCSP,38355,554362-1,"Verh. Batav. Genootsch. Kunsten","5(4): 13","","1790"
kew-38357,A,Magnoliaceae,,Champaca,,"turbinata",,"","Noronha",Unresolved,,L,WCSP,38357,554364-1,"Verh. Batav. Genootsch. Kunsten","5(4): 12","","1790"
tro-19300253,A,Magnoliaceae,,Dugandiodendron,,"argyrotrichum",,"","Lozano",Accepted,,M,TRO,19300253,85654-2,"Caldasia","11(53): 38, f. 6","38","1975"
kew-113846,A,Magnoliaceae,,Liriodendron,,"chinense",,"","(Hemsl.) Sarg.",Accepted,,H,WCSP,113846,554609-1,"Trees & Shrubs","1: 103","","1903"
tro-50234694,A,Magnoliaceae,,Liriodendron,,"heterophyllum",,"","K. Koch",Unresolved,,L,TRO,50234694,554614-1,"Dendrologie","1: 381","381","1869"
tro-50234691,A,Magnoliaceae,,Liriodendron,,"integrifolium",,"","Steud.",Unresolved,,L,TRO,50234691,554616-1,"Nomencl. Bot.","1: 486","486","1824"
tro-50234696,A,Magnoliaceae,,Liriodendron,,"obtusilobum",,"","K. Koch",Unresolved,,L,TRO,50234696,554620-1,"Dendrologie","1: 381","381","1869"
kew-113859,A,Magnoliaceae,,Liriodendron,,"tulipifera",,"","L.",Accepted,,H,WCSP,113859,30197364-2,"Sp. Pl.","535","","1753"
kew-117423,A,Magnoliaceae,,Magnolia,,"acuminata",,"","(L.) L.",Accepted,,H,WCSP,117423,554627-1,"Syst. Nat. ed. 10","2: 1082","","1759"
kew-117434,A,Magnoliaceae,,Magnolia,,"acuminata",var.,"subcordata","(Spach) Dandy",Accepted,,L,WCSP,117434,149270-2,"Amer. J. Bot.","51: 1056","","1964"
kew-252903,A,Magnoliaceae,,Magnolia,×,"alba",,"","(DC.) Figlar",Unresolved,,L,WCSP,252903,20011680-1,"Proc. Int. Symp. Magnoliac.","21","","2000"
kew-117436,A,Magnoliaceae,,Magnolia,,"albosericea",,"","Chun & C.H.Tsoong",Accepted,,H,WCSP,117436,554629-1,"Acta Phytotax. Sin.","9: 117","","1964"
kew-117438,A,Magnoliaceae,,Magnolia,,"allenii",,"","Standl.",Accepted,,H,WCSP,117438,149271-2,"Publ. Field Mus. Nat. Hist., Bot. Ser.","22: 331","","1940"
kew-117439,A,Magnoliaceae,,Magnolia,,"amazonica",,"","(Ducke) Govaerts",Accepted,,H,WCSP,117439,,"World Checklist Bibliogr. Magnoliaceae","25","","1996"
kew-117440,A,Magnoliaceae,,Magnolia,,"amoena",,"","W.C.Cheng",Accepted,,H,WCSP,117440,554632-1,"Contrib. Biol. Lab. Chin. Assoc. Advancem. Sci., Sect. Bot.","9: 280","","1934"
kew-117443,A,Magnoliaceae,,Magnolia,,"angatensis",,"","Blanco",Accepted,,H,WCSP,117443,554634-1,"Fl. Filip.","859","","1837"
kew-252904,A,Magnoliaceae,,Magnolia,,"angustioblonga",,"","(Y.W.Law & Y.F.Wu) Figlar",Accepted,,H,WCSP,252904,20011681-1,"Proc. Int. Symp. Magnoliac.","21","","2000"
kew-117445,A,Magnoliaceae,,Magnolia,,"annamensis",,"","Dandy",Accepted,,H,WCSP,117445,554636-1,"J. Bot.","68: 209","","1930"
kew-117448,A,Magnoliaceae,,Magnolia,,"arcabucoana",,"","(Lozano) Govaerts",Accepted,,H,WCSP,117448,,"World Checklist Bibliogr. Magnoliaceae","25","","1996"
kew-117449,A,Magnoliaceae,,Magnolia,,"argyrothricha",,"","(Lozano) Govaerts",Accepted,,H,WCSP,117449,,"World Checklist Bibliogr. Magnoliaceae","26","","1996"
kew-344354,A,Magnoliaceae,,Magnolia,,"aromatica",,"","(Dandy) V.S.Kumar",Accepted,,H,WCSP,344354,77074646-1,"Kew Bull.","61: 183","","2006"
kew-117451,A,Magnoliaceae,,Magnolia,,"ashtonii",,"","Dandy ex Noot.",Accepted,,H,WCSP,117451,933059-1,"Blumea","32: 363","","1987"
kew-117462,A,Magnoliaceae,,Magnolia,,"baillonii",,"","Pierre",Accepted,,H,WCSP,117462,554644-1,"Fl. Forest. Cochinch.","2","","1880"
kew-117463,A,Magnoliaceae,,Magnolia,,"balansae",,"","A.DC.",Accepted,,H,WCSP,117463,,"Bull. Herb. Boissier","II, 4: 294","","1904"
kew-252906,A,Magnoliaceae,,Magnolia,,"banghamii",,"","(Noot.) Figlar & Noot.",Accepted,,H,WCSP,252906,60433086-2,"Blumea","49: 96","","2004"
kew-463470,A,Magnoliaceae,,Magnolia,,"bankardiorum",,"","M.O.Dillon & Sánchez Vega",Accepted,,H,WCSP,463470,,"Arnaldoa","16: 7","","2009"
kew-458265,A,Magnoliaceae,,Magnolia,,"bawangensis",,"","Y.W.Law, R.Z.Zhou & D.M.Liu",Accepted,,H,WCSP,458265,77097178-1,"Nordic J. Bot.","27: 4","","2009"
kew-117464,A,Magnoliaceae,,Magnolia,,"betongensis",,"","(Craib) H.Keng",Accepted,,H,WCSP,117464,554646-1,"Gard. Bull. Singapore","31: 129","","1978"
kew-117466,A,Magnoliaceae,,Magnolia,,"bintuluensis",,"","(A.Agostini) Noot.",Accepted,,H,WCSP,117466,944630-1,"Blumea","32: 362","","1987"
kew-117467,A,Magnoliaceae,,Magnolia,,"biondii",,"","Pamp.",Accepted,,H,WCSP,117467,554647-1,"Nuovo Giorn. Bot. Ital.","n.s., 7: 275","","1910"
kew-117475,A,Magnoliaceae,,Magnolia,,"blaoensis",,"","(Gagnep.) Dandy",Accepted,,H,WCSP,117475,554649-1,"World Pollen Spore Fl.","3(Magnoliaceae): 5","","1974"
kew-117477,A,Magnoliaceae,,Magnolia,,"boliviana",,"","(M.Nee) Govaerts",Accepted,,H,WCSP,117477,991471-1,"World Checklist Bibliogr. Magnoliaceae","26","","1996"
kew-117479,A,Magnoliaceae,,Magnolia,,"borneensis",,"","Noot.",Accepted,,H,WCSP,117479,933060-1,"Blumea","32: 366","","1987"
kew-252908,A,Magnoliaceae,,Magnolia,,"braianensis",,"","(Gagnep.) Figlar",Accepted,,H,WCSP,252908,20011682-1,"Proc. Int. Symp. Magnoliac.","21","","2000"
kew-117480,A,Magnoliaceae,,Magnolia,×,"brooklynensis",,"","Kalmb.",Unresolved,,L,WCSP,117480,993141-1,"Newslett. Amer. Magnolia Soc.","8: 7","","1972"
kew-117484,A,Magnoliaceae,,Magnolia,,"calimaensis",,"","(Lozano) Govaerts",Accepted,,H,WCSP,117484,,"World Checklist Bibliogr. Magnoliaceae","26","","1996"
kew-117485,A,Magnoliaceae,,Magnolia,,"calophylla",,"","(Lozano) Govaerts",Accepted,,H,WCSP,117485,,"World Checklist Bibliogr. Magnoliaceae","27","","1996"
kew-252909,A,Magnoliaceae,,Magnolia,,"calophylloides",,"","Figlar & Noot.",Accepted,,H,WCSP,252909,60433078-2,"Blumea","49: 95","","2004"
kew-117486,A,Magnoliaceae,,Magnolia,,"campbellii",,"","Hook.f. & Thomson",Accepted,,H,WCSP,117486,554655-1,"Fl. Ind.","1: 77","","1855"
kew-117496,A,Magnoliaceae,,Magnolia,,"cararensis",,"","(Lozano) Govaerts",Accepted,,H,WCSP,117496,,"World Checklist Bibliogr. Magnoliaceae","27","","1996"
kew-117497,A,Magnoliaceae,,Magnolia,,"caricifragrans",,"","(Lozano) Govaerts",Accepted,,H,WCSP,117497,,"World Checklist Bibliogr. Magnoliaceae","27","","1996"
kew-117498,A,Magnoliaceae,,Magnolia,,"carsonii",,"","Dandy ex Noot.",Accepted,,H,WCSP,117498,933056-1,"Blumea","32: 348","","1987"
kew-252911,A,Magnoliaceae,,Magnolia,,"carsonii",var.,"phaulanta","(Dandy ex Noot.) S.Kim & Noot.",Accepted,,L,WCSP,252911,20007088-1,"Blumea","47: 332","","2002"
kew-117501,A,Magnoliaceae,,Magnolia,,"cathcartii",,"","(Hook.f. & Thomson) Noot.",Accepted,,H,WCSP,117501,915248-1,"Blumea","31: 88","","1985"
kew-252912,A,Magnoliaceae,,Magnolia,,"cavaleriei",,"","(Finet & Gagnep.) Figlar",Accepted,,H,WCSP,252912,20011683-1,"Proc. Int. Symp. Magnoliac.","21","","2000"
kew-117502,A,Magnoliaceae,,Magnolia,,"caveana",,"","(Hook.f. & Thomson) D.C.S.Raju & M.P.Nayar",Accepted,,H,WCSP,117502,941895-1,"Indian J. Bot.","3: 171","","1980"
kew-117503,A,Magnoliaceae,,Magnolia,,"cespedesii",,"","(Triana & Planch.) Govaerts",Accepted,,H,WCSP,117503,,"World Checklist Bibliogr. Magnoliaceae","27","","1996"
kew-117504,A,Magnoliaceae,,Magnolia,,"champaca",,"","(L.) Baill. ex Pierre",Accepted,,H,WCSP,117504,554657-1,"Fl. Forest. Cochinch.","t. 3","","1880"
kew-252913,A,Magnoliaceae,,Magnolia,,"champaca",var.,"pubinervia","(Blume) Figlar & Noot.",Accepted,,L,WCSP,252913,60433087-2,"Blumea","49: 96","","2004"
kew-117506,A,Magnoliaceae,,Magnolia,,"championii",,"","Benth.",Accepted,,H,WCSP,117506,554659-1,"Fl. Hongk.","8","","1861"
kew-351128,A,Magnoliaceae,,Magnolia,,"changhungtana",,"","Noot.",Accepted,,H,WCSP,351128,77097493-1,"in Fl. China","7: 49","","2008"
kew-252914,A,Magnoliaceae,,Magnolia,,"chapensis",,"","(Dandy) Sima",Accepted,,H,WCSP,252914,20012313-1,"Yunnan Forest. Sci. Technol.","2001(2): 29","","2001"
kew-344355,A,Magnoliaceae,,Magnolia,,"chevalieri",,"","(Dandy) V.S.Kumar",Accepted,,H,WCSP,344355,77074657-1,"Kew Bull.","61: 183","","2006"
kew-117508,A,Magnoliaceae,,Magnolia,,"chimantensis",,"","Steyerm. & Maguire",Accepted,,H,WCSP,117508,149277-2,"Mem. New York Bot. Gard.","17(1): 443","","1967"
kew-117509,A,Magnoliaceae,,Magnolia,,"chocoensis",,"","(Lozano) Govaerts",Accepted,,H,WCSP,117509,,"World Checklist Bibliogr. Magnoliaceae","28","","1996"
kew-348947,A,Magnoliaceae,,Magnolia,,"citrata",,"","Noot. & Chalermglin",Accepted,,H,WCSP,348947,77087224-1,"Blumea","52: 559","","2007"
kew-117511,A,Magnoliaceae,,Magnolia,,"clemensiorum",,"","Dandy",Accepted,,H,WCSP,117511,554662-1,"J. Bot.","68: 207","","1930"
kew-117512,A,Magnoliaceae,,Magnolia,,"coco",,"","(Lour.) DC.",Accepted,,H,WCSP,117512,554663-1,"Syst. Nat.","1: 459","","1817"
kew-117513,A,Magnoliaceae,,Magnolia,,"colombiana",,"","(Little) Govaerts",Accepted,,H,WCSP,117513,,"World Checklist Bibliogr. Magnoliaceae","28","","1996"
kew-117514,A,Magnoliaceae,,Magnolia,,"compressa",,"","Maxim.",Accepted,,H,WCSP,117514,554664-1,"Bull. Acad. Imp. Sci. Saint-Pétersbourg","17: 417","","1872"
tro-50328863,A,Magnoliaceae,,Magnolia,,"concinna",,"","Y.W. Law & R.Z. Zhou",Unresolved,,L,TRO,50328863,,"Magnolias China","44","44","2004"
kew-344356,A,Magnoliaceae,,Magnolia,,"conifera",,"","(Dandy) V.S.Kumar",Accepted,,H,WCSP,344356,77074647-1,"Kew Bull.","61: 183","","2006"
kew-344357,A,Magnoliaceae,,Magnolia,,"conifera",var.,"chingii","(Dandy) V.S.Kumar",Accepted,,L,WCSP,344357,77074648-1,"Kew Bull.","61: 183","","2006"
kew-252915,A,Magnoliaceae,,Magnolia,,"coriacea",,"","(Hung T.Chang & B.L.Chen) Figlar",Accepted,,H,WCSP,252915,20011685-1,"Proc. Int. Symp. Magnoliac.","21","","2000"
kew-458268,A,Magnoliaceae,,Magnolia,,"coronata",,"","M.Serna, C.Velásquez & Cogollo",Accepted,,H,WCSP,458268,77101147-1,"Brittonia","61: 35","","2009"
kew-344358,A,Magnoliaceae,,Magnolia,,"crassipes",,"","(Y.W.Law) V.S.Kumar",Accepted,,H,WCSP,344358,77074649-1,"Kew Bull.","61: 184","","2006"
kew-117524,A,Magnoliaceae,,Magnolia,,"cristalensis",,"","Bisse",Accepted,,H,WCSP,117524,149279-2,"Repert. Spec. Nov. Regni Veg.","85: 588","","1974"
kew-117525,A,Magnoliaceae,,Magnolia,,"cubensis",,"","Urb.",Accepted,,H,WCSP,117525,149280-2,"Symb. Antill.","1: 307","","1899"
kew-117526,A,Magnoliaceae,,Magnolia,,"cubensis",subsp.,"acunae","Imkhan.",Accepted,,L,WCSP,117526,149281-2,"Novosti Sist. Vyssh. Rast.","11: 180","","1974"
kew-117528,A,Magnoliaceae,,Magnolia,,"cubensis",subsp.,"cacuminicola","(Bisse) G.Klotz",Accepted,,L,WCSP,117528,919543-1,"Wiss. Z. Friedrich-Schiller-Univ. Jena, Math.-Naturwiss. Reihe","29: 464","","1980"
kew-117531,A,Magnoliaceae,,Magnolia,,"cylindrica",,"","E.H.Wilson",Accepted,,H,WCSP,117531,554671-1,"J. Arnold Arbor.","8: 109","","1927"
kew-117532,A,Magnoliaceae,,Magnolia,,"dandyi",,"","Gagnep.",Accepted,,H,WCSP,117532,554672-1,"Notul. Syst. (Paris)","8: 63","","1939"
kew-117533,A,Magnoliaceae,,Magnolia,,"dawsoniana",,"","Rehder & E.H.Wilson",Accepted,,H,WCSP,117533,554673-1,"Pl. Wilson.","1: 397","","1913"
kew-344359,A,Magnoliaceae,,Magnolia,,"decidua",,"","(Q.Y.Zheng) V.S.Kumar",Accepted,,H,WCSP,344359,77074650-1,"Kew Bull.","61: 184","","2006"
kew-117536,A,Magnoliaceae,,Magnolia,,"delavayi",,"","Franch.",Accepted,,H,WCSP,117536,554677-1,"Pl. Delavay.","33","","1889"
kew-117537,A,Magnoliaceae,,Magnolia,,"denudata",,"","Desr.",Accepted,,H,WCSP,117537,554678-1,"Encycl.","3: 675","","1792"
kew-117546,A,Magnoliaceae,,Magnolia,,"dixonii",,"","(Little) Govaerts",Accepted,,H,WCSP,117546,,"World Checklist Bibliogr. Magnoliaceae","29","","1996"
kew-117547,A,Magnoliaceae,,Magnolia,,"dodecapetala",,"","(Lam.) Govaerts",Accepted,,H,WCSP,117547,,"World Checklist Bibliogr. Magnoliaceae","29","","1996"
kew-252919,A,Magnoliaceae,,Magnolia,,"doltsopa",,"","(Buch.-Ham. ex DC.) Figlar",Accepted,,H,WCSP,252919,20011686-1,"Proc. Int. Symp. Magnoliac.","21","","2000"
kew-117548,A,Magnoliaceae,,Magnolia,,"domingensis",,"","Urb.",Accepted,,H,WCSP,117548,149284-2,"Repert. Spec. Nov. Regni Veg.","13: 447","","1914"
kew-117549,A,Magnoliaceae,,Magnolia,×,"dorsopurpurea",,"","Makino",Unresolved,,L,WCSP,117549,554683-1,"J. Jap. Bot.","6(4): 8","","1929"
kew-117550,A,Magnoliaceae,,Magnolia,,"duclouxii",,"","(Finet & Gagnep.) Hu",Accepted,,H,WCSP,117550,554684-1,"Icon. Pl. Sin.","2: 18","","1929"
kew-117551,A,Magnoliaceae,,Magnolia,,"duperreana",,"","Pierre",Accepted,,H,WCSP,117551,554685-1,"Fl. Forest. Cochinch.","1","","1880"
kew-117552,A,Magnoliaceae,,Magnolia,,"echinina",,"","P.Parm.",Unresolved,,L,WCSP,117552,554686-1,"Bull. Sc. France Belgique","27: 265","","1896"
kew-117553,A,Magnoliaceae,,Magnolia,,"ekmanii",,"","Urb.",Accepted,,H,WCSP,117553,149285-2,"Ark. Bot.","23A(11): 12","","1931"
kew-117554,A,Magnoliaceae,,Magnolia,,"elegans",,"","(Blume) H.Keng",Accepted,,H,WCSP,117554,554688-1,"Gard. Bull. Singapore","31: 129","","1978"
kew-458269,A,Magnoliaceae,,Magnolia,×,"elegantifolia",,"","Noot.",Accepted,,H,WCSP,458269,77097494-1,"in Fl. China","7: 49","","2008"
kew-349193,A,Magnoliaceae,,Magnolia,,"elliptigemmata",,"","C.L.Guo & L.L.Huang",Accepted,,H,WCSP,349193,968520-1,"J. Wuhan Bot. Res.","10: 325","","1992"
kew-117558,A,Magnoliaceae,,Magnolia,,"emarginata",,"","Urb. & Ekman",Accepted,,H,WCSP,117558,149286-2,"Ark. Bot.","23A(11): 11","","1931"
kew-117560,A,Magnoliaceae,,Magnolia,,"eriostepta",,"","Dandy ex Gagnep.",Unresolved,,L,WCSP,117560,554692-1,"Fl. Indo-Chine","Suppl. 1: 39","","1938"
kew-252921,A,Magnoliaceae,,Magnolia,,"ernestii",,"","Figlar",Accepted,,H,WCSP,252921,20011688-1,"Proc. Int. Symp. Magnoliac.","21","","2000"
kew-252922,A,Magnoliaceae,,Magnolia,,"ernestii",subsp.,"szechuanica","(Dandy) Sima & Figlar",Accepted,,L,WCSP,252922,20012315-1,"Yunnan Forest. Sci. Technol.","2001(2): 31","","2001"
kew-117563,A,Magnoliaceae,,Magnolia,,"espinalii",,"","(Lozano) Govaerts",Accepted,,H,WCSP,117563,,"World Checklist Bibliogr. Magnoliaceae","30","","1996"
kew-344360,A,Magnoliaceae,,Magnolia,,"figlarii",,"","V.S.Kumar",Accepted,,H,WCSP,344360,77074651-1,"Kew Bull.","61: 184","","2006"
kew-117574,A,Magnoliaceae,,Magnolia,,"figo",,"","(Lour.) DC.",Accepted,,H,WCSP,117574,554702-1,"Syst. Nat.","1: 460","","1817"
kew-252923,A,Magnoliaceae,,Magnolia,,"figo",var.,"crassipes","(Y.W.Law) Figlar & Noot.",Accepted,,L,WCSP,252923,60433088-2,"Blumea","49: 96","","2004"
kew-351129,A,Magnoliaceae,,Magnolia,,"figo",var.,"skinneriana","(Dunn) Noot.",Accepted,,L,WCSP,351129,77097497-1,"in Fl. China","7: 49","","2008"
kew-117575,A,Magnoliaceae,,Magnolia,,"fistulosa",,"","(Finet & Gagnep.) Dandy",Accepted,,H,WCSP,117575,554703-1,"Notes Roy. Bot. Gard. Edinburgh","16: 124","","1928"
kew-252924,A,Magnoliaceae,,Magnolia,,"flaviflora",,"","(Y.W.Law & Y.F.Wu) Figlar",Accepted,,H,WCSP,252924,20011690-1,"Proc. Int. Symp. Magnoliac.","21","","2000"
kew-252925,A,Magnoliaceae,,Magnolia,,"floribunda",,"","(Finet & Gagnep.) Figlar",Accepted,,H,WCSP,252925,20011691-1,"Proc. Int. Symp. Magnoliac.","21","","2000"
kew-252926,A,Magnoliaceae,,Magnolia,×,"foggii",,"","Figlar",Unresolved,,L,WCSP,252926,20011692-1,"Proc. Int. Symp. Magnoliac.","21","","2000"
kew-117580,A,Magnoliaceae,,Magnolia,,"fordiana",,"","(Oliv.) Hu",Accepted,,H,WCSP,117580,554706-1,"J. Arnold Arbor.","5: 228","","1924"
kew-344361,A,Magnoliaceae,,Magnolia,,"fordiana",var.,"calcarea","(X.H.Song) V.S.Kumar",Accepted,,L,WCSP,344361,77074652-1,"Kew Bull.","61: 184","","2006"
kew-344362,A,Magnoliaceae,,Magnolia,,"fordiana",var.,"forrestii","(W.W.Sm. ex Dandy) V.S.Kumar",Accepted,,L,WCSP,344362,77074653-1,"Kew Bull.","61: 184","","2006"
kew-351139,A,Magnoliaceae,,Magnolia,,"fordiana",var.,"hainanensis","(Dandy) Noot.",Accepted,,L,WCSP,351139,77097498-1,"in Fl. China","7: 49","","2008"
kew-252927,A,Magnoliaceae,,Magnolia,,"foveolata",,"","(Merr. ex Dandy) Figlar",Accepted,,H,WCSP,252927,20011693-1,"Proc. Int. Symp. Magnoliac.","22","","2000"
kew-117583,A,Magnoliaceae,,Magnolia,,"fraseri",,"","Walter",Accepted,,H,WCSP,117583,30302949-2,"Fl. Carol.","159","","1788"
kew-117585,A,Magnoliaceae,,Magnolia,,"fraseri",var.,"pyramidata","(Bartram) Pamp.",Accepted,,L,WCSP,117585,,"Bull. Soc. Tosc. Ortic.","40: 230","","1915"
kew-252928,A,Magnoliaceae,,Magnolia,,"fujianensis",,"","(Q.F.Zheng) Figlar",Accepted,,H,WCSP,252928,20011694-1,"Proc. Int. Symp. Magnoliac.","22","","2000"
kew-252929,A,Magnoliaceae,,Magnolia,,"fulva",,"","(Hung T.Chang & B.L.Chen) Figlar",Accepted,,H,WCSP,252929,20011695-1,"Proc. Int. Symp. Magnoliac.","22","","2000"
kew-344364,A,Magnoliaceae,,Magnolia,,"garrettii",,"","(Craib) V.S.Kumar",Accepted,,H,WCSP,344364,77074655-1,"Kew Bull.","61: 184","","2006"
kew-117595,A,Magnoliaceae,,Magnolia,,"georgii",,"","(Lozano) Govaerts",Accepted,,H,WCSP,117595,,"World Checklist Bibliogr. Magnoliaceae","30","","1996"
kew-117596,A,Magnoliaceae,,Magnolia,,"gigantifolia",,"","(Miq.) Noot.",Accepted,,H,WCSP,117596,944631-1,"Blumea","32: 377","","1987"
kew-117597,A,Magnoliaceae,,Magnolia,,"gilbertoi",,"","(Lozano) Govaerts",Accepted,,H,WCSP,117597,,"World Checklist Bibliogr. Magnoliaceae","30","","1996"
kew-117606,A,Magnoliaceae,,Magnolia,,"globosa",,"","Hook.f. & Thomson",Accepted,,H,WCSP,117606,554718-1,"Fl. Ind.","1: 77","","1855"
kew-117610,A,Magnoliaceae,,Magnolia,,"gloriensis",,"","(Pittier) Govaerts",Accepted,,H,WCSP,117610,,"World Checklist Bibliogr. Magnoliaceae","30","","1996"
kew-117613,A,Magnoliaceae,,Magnolia,×,"gotoburgensis",,"","Nitz.",Unresolved,,L,WCSP,117613,,"Magnolia","28: 5","","1992"
kew-117615,A,Magnoliaceae,,Magnolia,,"grandiflora",,"","L.",Accepted,,H,WCSP,117615,554723-1,"Syst. Nat. ed. 10","2: 1082","","1759"
kew-344365,A,Magnoliaceae,,Magnolia,,"grandis",,"","(Hu & W.C.Cheng) V.S.Kumar",Accepted,,H,WCSP,344365,77074656-1,"Kew Bull.","61: 184","","2006"
kew-117622,A,Magnoliaceae,,Magnolia,,"griffithii",,"","Hook.f. & Thomson",Accepted,,H,WCSP,117622,554724-1,"Fl. Brit. India","1: 41","","1872"
kew-458275,A,Magnoliaceae,,Magnolia,,"guangdongensis",,"","(Y.H.Yan, Q.W.Zeng & F.W.Xing) Noot.",Accepted,,H,WCSP,458275,77097501-1,"in Fl. China","7: 49","","2008"
tro-50318931,A,Magnoliaceae,,Magnolia,,"guangnanensis",,"","Y.W. Law & R.Z. Zhou",Unresolved,,L,TRO,50318931,,"","","",""
kew-252930,A,Magnoliaceae,,Magnolia,,"guangxiensis",,"","(Y.W.Law & R.Z.Zhou) Sima",Accepted,,H,WCSP,252930,20012316-1,"Yunnan Forest. Sci. Technol.","2001(2): 32","","2001"
kew-117623,A,Magnoliaceae,,Magnolia,,"guatapensis",,"","(Lozano) Govaerts",Accepted,,H,WCSP,117623,,"World Checklist Bibliogr. Magnoliaceae","31","","1996"
kew-117624,A,Magnoliaceae,,Magnolia,,"guatemalensis",,"","Donn.Sm.",Accepted,,H,WCSP,117624,149300-2,"Bot. Gaz.","47: 253","","1909"
kew-117626,A,Magnoliaceae,,Magnolia,,"guatemalensis",subsp.,"hondurensis","(A.M.Molina) Vazquez",Accepted,,L,WCSP,117626,,"Brittonia","46: 6","","1994"
kew-347292,A,Magnoliaceae,,Magnolia,,"guerrerensis",,"","J.Jiménez Ram., K.Vega & Cruz Durán",Accepted,,H,WCSP,347292,77085179-1,"Bol. Soc. Bot. México","80: 74","","2007"
kew-117627,A,Magnoliaceae,,Magnolia,,"gustavii",,"","King",Accepted,,H,WCSP,117627,554726-1,"Ann. Roy. Bot. Gard. (Calcutta)","3(2): 209","","1891"
kew-117629,A,Magnoliaceae,,Magnolia,,"hamorii",,"","Howard",Accepted,,H,WCSP,117629,,"Bull. Torrey Bot. Club","75: 351","","1948"
kew-117632,A,Magnoliaceae,,Magnolia,,"heliophyla",,"","P.Parm.",Unresolved,,L,WCSP,117632,554731-1,"Bull. Sc. France Belgique","27: 262","","1896"
kew-117633,A,Magnoliaceae,,Magnolia,,"henaoi",,"","(Lozano) Govaerts",Accepted,,H,WCSP,117633,,"World Checklist Bibliogr. Magnoliaceae","31","","1996"
kew-117634,A,Magnoliaceae,,Magnolia,,"henryi",,"","Dunn",Accepted,,H,WCSP,117634,554732-1,"J. Linn. Soc., Bot.","35: 484","","1903"
kew-117637,A,Magnoliaceae,,Magnolia,,"hernandezii",,"","(Lozano) Govaerts",Accepted,,H,WCSP,117637,,"World Checklist Bibliogr. Magnoliaceae","32","","1996"
kew-117640,A,Magnoliaceae,,Magnolia,,"hodgsonii",,"","(Hook.f. & Thomson) H.Keng",Accepted,,H,WCSP,117640,554736-1,"Gard. Bull. Singapore","31: 129","","1978"
kew-344367,A,Magnoliaceae,,Magnolia,,"hongheensis",,"","(Y.M.Shui & W.H.Chen) V.S.Kumar",Accepted,,H,WCSP,344367,77074659-1,"Kew Bull.","61: 184","","2006"
kew-117644,A,Magnoliaceae,,Magnolia,,"hookeri",,"","(Cubitt & W.W.Sm.) D.C.S.Raju & M.P.Nayar",Accepted,,H,WCSP,117644,941896-1,"Indian J. Bot.","3: 171","","1980"
kew-252931,A,Magnoliaceae,,Magnolia,,"hypolampra",,"","(Dandy) Figlar",Accepted,,H,WCSP,252931,20011696-1,"Proc. Int. Symp. Magnoliac.","22","","2000"
kew-117649,A,Magnoliaceae,,Magnolia,,"iltisiana",,"","Vazquez",Accepted,,H,WCSP,117649,,"Brittonia","46: 7","","1994"
kew-117652,A,Magnoliaceae,,Magnolia,,"insignis",,"","Wall.",Accepted,,H,WCSP,117652,554743-1,"Tent. Fl. Napal.","5","","1824"
kew-117655,A,Magnoliaceae,,Magnolia,,"intermedia",,"","P.Parm.",Unresolved,,L,WCSP,117655,554745-1,"Bull. Sc. France Belgique","27: 266","","1896"
kew-117656,A,Magnoliaceae,,Magnolia,,"irwiniana",,"","(Lozano) Govaerts",Accepted,,H,WCSP,117656,,"World Checklist Bibliogr. Magnoliaceae","32","","1996"
kew-351146,A,Magnoliaceae,,Magnolia,,"iteophylla",,"","(C.Y.Wu ex Y.W.Law & Y.F.Wu) Noot.",Accepted,,H,WCSP,351146,77097502-1,"in Fl. China","7: 50","","2008"
kew-458277,A,Magnoliaceae,,Magnolia,,"jardinensis",,"","M.Serna, C.Velásquez & Cogollo",Accepted,,H,WCSP,458277,77101153-1,"Brittonia","61: 38","","2009"
kew-252934,A,Magnoliaceae,,Magnolia,×,"jigongshanensis",,"","T.B.Chao, D.L.Fu & W.B.Sun",Accepted,,H,WCSP,252934,,"J. Henan Univ. (Nat. Sci.)","26: 62","","2000"
kew-117658,A,Magnoliaceae,,Magnolia,,"kachirachirai",,"","(Kaneh. & Yamam.) Dandy",Accepted,,H,WCSP,117658,554747-1,"Bull. Misc. Inform. Kew","1927: 264","","1927"
kew-117659,A,Magnoliaceae,,Magnolia,,"katiorum",,"","(Lozano) Govaerts",Accepted,,H,WCSP,117659,,"World Checklist Bibliogr. Magnoliaceae","32","","1996"
kew-117661,A,Magnoliaceae,,Magnolia,×,"kewensis",,"","Pearce",Unresolved,,L,WCSP,117661,554748-1,"Gard. Chron.","III, 132: 154","","1952"
kew-252935,A,Magnoliaceae,,Magnolia,,"kingii",,"","(Dandy) Figlar",Accepted,,H,WCSP,252935,20011699-1,"Proc. Int. Symp. Magnoliac.","22","","2000"
kew-252936,A,Magnoliaceae,,Magnolia,,"kisopa",,"","(Buch.-Ham. ex DC.) Figlar",Accepted,,H,WCSP,252936,20011700-1,"Proc. Int. Symp. Magnoliac.","22","","2000"
kew-117662,A,Magnoliaceae,,Magnolia,,"kobus",,"","DC.",Accepted,,H,WCSP,117662,332100-2,"Syst. Nat.","1: 456","","1817"
kew-252937,A,Magnoliaceae,,Magnolia,,"koordersiana",,"","(Noot.) Figlar",Accepted,,H,WCSP,252937,20011701-1,"Proc. Int. Symp. Magnoliac.","22","","2000"
kew-335133,A,Magnoliaceae,,Magnolia,,"krusei",,"","J.Jiménez Ram. & Cruz Durán",Accepted,,H,WCSP,335133,60440477-2,"Novon","15: 438","","2005"
kew-252938,A,Magnoliaceae,,Magnolia,,"kwangsiensis",,"","Figlar & Noot.",Accepted,,H,WCSP,252938,60433085-2,"Blumea","49: 96","","2004"
kew-117670,A,Magnoliaceae,,Magnolia,,"kwangtungensis",,"","Merr.",Accepted,,H,WCSP,117670,554752-1,"J. Arnold Arbor.","8: 5","","1927"
kew-252939,A,Magnoliaceae,,Magnolia,,"lacei",,"","(W.W.Sm.) Figlar",Accepted,,H,WCSP,252939,20011702-1,"Proc. Int. Symp. Magnoliac.","22","","2000"
kew-252940,A,Magnoliaceae,,Magnolia,,"laevifolia",,"","(Y.W.Law & Y.F.Wu) Noot.",Accepted,,H,WCSP,252940,77087225-1,"Blumea","52: 562","","2007"
kew-252941,A,Magnoliaceae,,Magnolia,,"lanuginosa",,"","(Wall.) Figlar & Noot.",Accepted,,H,WCSP,252941,60433089-2,"Blumea","49: 96","","2004"
kew-252942,A,Magnoliaceae,,Magnolia,,"lanuginosoides",,"","Figlar & Noot.",Accepted,,H,WCSP,252942,60433081-2,"Blumea","49: 95","","2004"
kew-117674,A,Magnoliaceae,,Magnolia,,"lasia",,"","Noot.",Accepted,,H,WCSP,117674,933062-1,"Blumea","32: 377","","1987"
tro-50238243,A,Magnoliaceae,,Magnolia,,"latifolia",,"","Aiton ex Dippel",Unresolved,,L,TRO,50238243,,"Handb. Laubholzk.","3: 145","145","1893"
kew-117678,A,Magnoliaceae,,Magnolia,,"lenticellata",,"","(Lozano) Govaerts",Accepted,,H,WCSP,117678,,"World Checklist Bibliogr. Magnoliaceae","32","","1996"
kew-252943,A,Magnoliaceae,,Magnolia,,"leveilleana",,"","(Dandy) Figlar",Accepted,,H,WCSP,252943,20011703-1,"Proc. Int. Symp. Magnoliac.","22","","2000"
tro-19300269,A,Magnoliaceae,,Magnolia,,"lilifera",,"","Druce",Unresolved,,L,TRO,19300269,554758-1,"Bot. Exch. Club Brit. Isles Rep.","1913(3): 421","421","1914"
kew-117679,A,Magnoliaceae,,Magnolia,,"liliifera",,"","(L.) Baill.",Accepted,,H,WCSP,117679,554760-1,"Hist. Pl.","1: 141","","1868"
kew-117681,A,Magnoliaceae,,Magnolia,,"liliifera",var.,"beccarii","(Ridl.) Govaerts",Unresolved,,L,WCSP,117681,,"World Checklist Bibliogr. Magnoliaceae","33","","1996"
kew-117687,A,Magnoliaceae,,Magnolia,,"liliiflora",,"","Desr.",Accepted,,H,WCSP,117687,554759-1,"Encycl.","3: 675","","1792"
kew-117691,A,Magnoliaceae,,Magnolia,×,"loebneri",,"","Kache",Unresolved,,L,WCSP,117691,992044-1,"Gartenschönheit","1: 20","","1920"
kew-344368,A,Magnoliaceae,,Magnolia,,"longipedunculata",,"","(Q.W.Zeng & Y.W.Law) V.S.Kumar",Accepted,,H,WCSP,344368,77074660-1,"Kew Bull.","61: 184","","2006"
kew-117693,A,Magnoliaceae,,Magnolia,,"longistyla",,"","P.Parm.",Unresolved,,L,WCSP,117693,554763-1,"Bull. Sc. France Belgique","27: 267","","1896"
kew-117694,A,Magnoliaceae,,Magnolia,,"lotungensis",,"","Chun & C.H.Tsoong",Accepted,,H,WCSP,117694,554764-1,"Acta Phytotax. Sin.","8: 285","","1963"
kew-344369,A,Magnoliaceae,,Magnolia,,"lucida",,"","(B.L.Chen & S.C.Yang) V.S.Kumar",Accepted,,H,WCSP,344369,77074661-1,"Kew Bull.","61: 184","","2006"
kew-252945,A,Magnoliaceae,,Magnolia,,"macclurei",,"","(Dandy) Figlar",Accepted,,H,WCSP,252945,20011704-1,"Proc. Int. Symp. Magnoliac.","22","","2000"
kew-117695,A,Magnoliaceae,,Magnolia,,"macklottii",,"","(Korth.) Dandy",Accepted,,H,WCSP,117695,554765-1,"Bull. Misc. Inform. Kew","1927: 263","","1927"
kew-117696,A,Magnoliaceae,,Magnolia,,"macklottii",var.,"beccariana","(A.Agostini) Noot.",Accepted,,L,WCSP,117696,953763-1,"Blumea","32: 348","","1987"
kew-117698,A,Magnoliaceae,,Magnolia,,"macrophylla",,"","Michx.",Accepted,,H,WCSP,117698,30417720-2,"Fl. Bor.-Amer.","1: 327","","1803"
kew-117700,A,Magnoliaceae,,Magnolia,,"macrophylla",var.,"ashei","(Weath.) D.L.Johnson",Accepted,,L,WCSP,117700,955230-1,"Baileya","23: 55","","1989"
kew-117701,A,Magnoliaceae,,Magnolia,,"macrophylla",var.,"dealbata","(Zucc.) D.L.Johnson",Accepted,,L,WCSP,117701,280261-2,"Baileya","23: 56","","1989"
kew-117703,A,Magnoliaceae,,Magnolia,,"magnifolia",,"","(Lozano) Govaerts",Accepted,,H,WCSP,117703,,"World Checklist Bibliogr. Magnoliaceae","35","","1996"
kew-117704,A,Magnoliaceae,,Magnolia,,"mahechae",,"","(Lozano) Govaerts",Accepted,,H,WCSP,117704,,"World Checklist Bibliogr. Magnoliaceae","35","","1996"
kew-117707,A,Magnoliaceae,,Magnolia,,"mannii",,"","(King) Figlar",Accepted,,H,WCSP,117707,20011705-1,"Proc. Int. Symp. Magnoliac.","22","","2000"
tro-19300146,A,Magnoliaceae,,Magnolia,,"maoena",,"","Cheng",Unresolved,,L,TRO,19300146,,"","","",""
kew-117708,A,Magnoliaceae,,Magnolia,,"mariusjacobsia",,"","Noot.",Accepted,,H,WCSP,117708,933063-1,"Blumea","32: 381","","1987"
kew-117709,A,Magnoliaceae,,Magnolia,,"martini",,"","H.Lév.",Accepted,,H,WCSP,117709,,"Bull. Soc. Agric. Sarthe","6","","1904"
kew-252946,A,Magnoliaceae,,Magnolia,,"masticata",,"","(Dandy) Figlar",Accepted,,H,WCSP,252946,20011706-1,"Proc. Int. Symp. Magnoliac.","23","","2000"
kew-252947,A,Magnoliaceae,,Magnolia,,"maudiae",,"","(Dunn) Figlar",Accepted,,H,WCSP,252947,20011707-1,"Proc. Int. Symp. Magnoliac.","23","","2000"
kew-252950,A,Magnoliaceae,,Magnolia,,"mediocris",,"","(Dandy) Figlar",Accepted,,H,WCSP,252950,20011708-1,"Proc. Int. Symp. Magnoliac.","23","","2000"
kew-117714,A,Magnoliaceae,,Magnolia,,"mexicana",,"","DC.",Accepted,,H,WCSP,117714,554774-1,"Syst. Nat.","1: 451","","1817"
kew-117718,A,Magnoliaceae,,Magnolia,,"minor",,"","(Urb.) Govaerts",Accepted,,H,WCSP,117718,,"World Checklist Bibliogr. Magnoliaceae","36","","1996"
kew-458278,A,Magnoliaceae,,Magnolia,×,"mirifolia",,"","(D.L.Fu, T.B.Chao & Zhi X.Chen) Noot.",Accepted,,H,WCSP,458278,77097503-1,"in Fl. China","7: 50","","2008"
kew-252953,A,Magnoliaceae,,Magnolia,,"montana",,"","(Blume) Figlar",Accepted,,H,WCSP,252953,20011710-1,"Proc. Int. Symp. Magnoliac.","23","","2000"
kew-117720,A,Magnoliaceae,,Magnolia,,"morii",,"","(Lozano) Govaerts",Accepted,,H,WCSP,117720,,"World Checklist Bibliogr. Magnoliaceae","36","","1996"
kew-117721,A,Magnoliaceae,,Magnolia,×,"multiflora",,"","M.C.Wang & C.L.Min",Accepted,,H,WCSP,117721,960864-1,"Acta Bot. Boreal.-Occid. Sin.","12: 85","","1992"
kew-117724,A,Magnoliaceae,,Magnolia,,"nana",,"","Dandy",Accepted,,H,WCSP,117724,554779-1,"J. Bot.","68: 207","","1930"
kew-117725,A,Magnoliaceae,,Magnolia,,"narinensis",,"","(Lozano) Govaerts",Accepted,,H,WCSP,117725,,"World Checklist Bibliogr. Magnoliaceae","36","","1996"
kew-117726,A,Magnoliaceae,,Magnolia,,"neillii",,"","(Lozano) Govaerts",Accepted,,H,WCSP,117726,,"World Checklist Bibliogr. Magnoliaceae","36","","1996"
kew-252955,A,Magnoliaceae,,Magnolia,,"nilagirica",,"","(Zenker) Figlar",Accepted,,H,WCSP,252955,20011711-1,"Proc. Int. Symp. Magnoliac.","23","","2000"
kew-117728,A,Magnoliaceae,,Magnolia,,"nitida",,"","W.W.Sm.",Accepted,,H,WCSP,117728,554781-1,"Notes Roy. Bot. Gard. Edinburgh","12: 212","","1920"
kew-252956,A,Magnoliaceae,,Magnolia,,"oblonga",,"","(Wall. ex Hook.f. & Thomson) Figlar",Accepted,,H,WCSP,252956,20011712-1,"Proc. Int. Symp. Magnoliac.","23","","2000"
kew-344372,A,Magnoliaceae,,Magnolia,,"obovalifolia",,"","(C.Y.Wu & Y.W.Law) V.S.Kumar",Accepted,,H,WCSP,344372,77074664-1,"Kew Bull.","61: 185","","2006"
kew-117735,A,Magnoliaceae,,Magnolia,,"obovata",,"","Thunb.",Accepted,,H,WCSP,117735,554784-1,"Trans. Linn. Soc. London","2: 336","","1794"
kew-252957,A,Magnoliaceae,,Magnolia,,"odora",,"","(Chun) Figlar & Noot.",Accepted,,H,WCSP,252957,60433402-2,"Blumea","49: 97","","2004"
kew-117740,A,Magnoliaceae,,Magnolia,,"odoratissima",,"","Y.W.Law & R.Z.Zhou",Accepted,,H,WCSP,117740,929920-1,"Bull. Bot. Res., Harbin","6: 139","","1986"
kew-117741,A,Magnoliaceae,,Magnolia,,"officinalis",,"","Rehder & E.H.Wilson",Accepted,,H,WCSP,117741,554787-1,"Pl. Wilson.","1: 391","","1913"
kew-117742,A,Magnoliaceae,,Magnolia,,"officinalis",var.,"biloba","Rehder & E.H.Wilson",Accepted,,L,WCSP,117742,50997083-1,"Pl. Wilson.","1: 392","","1913"
kew-117746,A,Magnoliaceae,,Magnolia,,"omeiensis",,"","(W.C.Cheng) Dandy",Accepted,,H,WCSP,117746,554788-1,"World Pollen Spore Fl.","3(Magnoliaceae): 5","","1974"
kew-252958,A,Magnoliaceae,,Magnolia,,"opipara",,"","(Hung T.Chang & B.L.Chen) Sima",Accepted,,H,WCSP,252958,20012320-1,"Yunnan Forest. Sci. Technol.","2001(2): 34","","2001"
kew-117747,A,Magnoliaceae,,Magnolia,,"ovata",,"","(A.St.-Hil.) Spreng.",Accepted,,H,WCSP,117747,554789-1,"Syst. Veg.","4(2): 217","","1827"
kew-117748,A,Magnoliaceae,,Magnolia,,"ovata",,"","P.Parm.",Unresolved,,L,WCSP,117748,149304-2,"Bull. Sc. France Belgique","27: 250","","1896"
kew-344373,A,Magnoliaceae,,Magnolia,,"ovoidea",,"","(Hung T.Chang & B.L.Chen) V.S.Kumar",Accepted,,H,WCSP,344373,77074665-1,"Kew Bull.","61: 185","","2006"
kew-117751,A,Magnoliaceae,,Magnolia,,"pacifica",,"","Vazquez",Accepted,,H,WCSP,117751,,"Brittonia","46: 10","","1994"
kew-117756,A,Magnoliaceae,,Magnolia,,"pahangensis",,"","Noot.",Accepted,,H,WCSP,117756,933061-1,"Blumea","32: 367","","1987"
kew-117757,A,Magnoliaceae,,Magnolia,,"pallescens",,"","Urb. & Ekman",Accepted,,H,WCSP,117757,149305-2,"Ark. Bot.","23A(11): 10","","1931"
kew-117758,A,Magnoliaceae,,Magnolia,,"panamensis",,"","H.H.Iltis & Vazquez",Accepted,,H,WCSP,117758,,"Brittonia","46: 15","","1994"
kew-351145,A,Magnoliaceae,,Magnolia,,"patungensis",,"","(Hu) Noot.",Accepted,,H,WCSP,351145,77097504-1,"in Fl. China","7: 50","","2008"
kew-117764,A,Magnoliaceae,,Magnolia,,"pealiana",,"","King",Accepted,,H,WCSP,117764,554800-1,"Ann. Roy. Bot. Gard. (Calcutta)","3(2): 210","","1891"
kew-117766,A,Magnoliaceae,,Magnolia,,"persuaveolens",,"","Dandy",Accepted,,H,WCSP,117766,554802-1,"Bull. Misc. Inform. Kew","1928: 186","","1928"
kew-117770,A,Magnoliaceae,,Magnolia,,"persuaveolens",subsp.,"rigida","Noot.",Accepted,,L,WCSP,117770,949845-1,"Blumea","32: 379","","1987"
kew-117774,A,Magnoliaceae,,Magnolia,,"philippinensis",,"","P.Parm.",Accepted,,H,WCSP,117774,554803-1,"Bull. Sc. France Belgique","27: 206, 270","","1896"
kew-252960,A,Magnoliaceae,,Magnolia,×,"pilocarpa",,"","Z.Z.Zhao & Z.W.Xie",Unresolved,,L,WCSP,252960,77062233-1,"Acta Pharm. Sin.","22: 777","","1987"
kew-252961,A,Magnoliaceae,,Magnolia,,"platyphylla",,"","(Merr.) Figlar & Noot.",Accepted,,H,WCSP,252961,60433400-2,"Blumea","49: 97","","2004"
kew-252962,A,Magnoliaceae,,Magnolia,,"pleiocarpa",,"","(Dandy) Figlar & Noot.",Accepted,,H,WCSP,252962,60433084-2,"Blumea","49: 95","","2004"
kew-117777,A,Magnoliaceae,,Magnolia,,"poasana",,"","(Pittier) Dandy",Accepted,,H,WCSP,117777,149306-2,"Bull. Misc. Inform. Kew","1927: 263","","1927"
kew-117779,A,Magnoliaceae,,Magnolia,,"polyhypsophylla",,"","(Lozano) Govaerts",Accepted,,H,WCSP,117779,,"World Checklist Bibliogr. Magnoliaceae","38","","1996"
kew-117780,A,Magnoliaceae,,Magnolia,,"portoricensis",,"","Bello",Accepted,,H,WCSP,117780,554808-1,"Anales Soc. Esp. Hist. Nat.","10: 233","","1880"
kew-252963,A,Magnoliaceae,,Magnolia,,"praecalva",,"","(Dandy) Figlar & Noot.",Accepted,,H,WCSP,252963,60433083-2,"Blumea","49: 95","","2004"
kew-117785,A,Magnoliaceae,,Magnolia,×,"proctoriana",,"","Rehder",Accepted,,H,WCSP,117785,554813-1,"J. Arnold Arbor.","20: 412","","1939"
kew-117787,A,Magnoliaceae,,Magnolia,,"ptaritepuiana",,"","Steyerm.",Accepted,,H,WCSP,117787,149307-2,"Fieldiana, Bot.","28(1): 233","","1951"
kew-117788,A,Magnoliaceae,,Magnolia,,"pterocarpa",,"","Roxb.",Accepted,,H,WCSP,117788,554815-1,"Pl. Coromandel","3: 62","","1820"
kew-252964,A,Magnoliaceae,,Magnolia,,"pubescens",,"","(Merr.) Figlar & Noot.",Accepted,,H,WCSP,252964,60433401-2,"Blumea","49: 98","","2004"
kew-252965,A,Magnoliaceae,,Magnolia,,"pugana",,"","(H.H.Iltis & Vazquez) A.Vazquez & Carvajal",Accepted,,H,WCSP,252965,,"Novon","12: 137","","2002"
kew-117790,A,Magnoliaceae,,Magnolia,,"pulneyensis",,"","P.Parm.",Unresolved,,L,WCSP,117790,554817-1,"Bull. Sc. France Belgique","27: 268","","1896"
kew-252966,A,Magnoliaceae,,Magnolia,,"punduana",,"","(Hook.f. & Thomson) Figlar",Accepted,,H,WCSP,252966,20011715-1,"Proc. Int. Symp. Magnoliac.","23","","2000"
kew-117800,A,Magnoliaceae,,Magnolia,,"rabaniana",,"","(Hook.f. & Thomson) D.C.S.Raju & M.P.Nayar",Accepted,,H,WCSP,117800,941898-1,"Indian J. Bot.","3: 171","","1980"
kew-252967,A,Magnoliaceae,,Magnolia,,"rajaniana",,"","(Craib) Figlar",Accepted,,H,WCSP,252967,20011716-1,"Proc. Int. Symp. Magnoliac.","23","","2000"
kew-117801,A,Magnoliaceae,,Magnolia,,"rimachii",,"","(Lozano) Govaerts",Accepted,,H,WCSP,117801,,"World Checklist Bibliogr. Magnoliaceae","39","","1996"
kew-117804,A,Magnoliaceae,,Magnolia,,"rostrata",,"","W.W.Sm.",Accepted,,H,WCSP,117804,554827-1,"Notes Roy. Bot. Gard. Edinburgh","12: 213","","1920"
kew-345283,A,Magnoliaceae,,Magnolia,,"rufibarbata",,"","(Dandy) V.S.Kumar",Accepted,,H,WCSP,345283,77074667-1,"Kew Bull.","61: 185","","2006"
kew-252968,A,Magnoliaceae,,Magnolia,,"sabahensis",,"","(Dandy ex Noot.) Figlar & Noot.",Accepted,,H,WCSP,252968,60433082-2,"Blumea","49: 95","","2004"
kew-117808,A,Magnoliaceae,,Magnolia,,"salicifolia",,"","(Siebold & Zucc.) Maxim.",Accepted,,H,WCSP,117808,554831-1,"Bull. Acad. Imp. Sci. Saint-Pétersbourg","17: 418","","1872"
kew-117812,A,Magnoliaceae,,Magnolia,,"sambuensis",,"","(Pittier) Govaerts",Accepted,,H,WCSP,117812,,"World Checklist Bibliogr. Magnoliaceae","39","","1996"
kew-117813,A,Magnoliaceae,,Magnolia,,"santanderiana",,"","(Lozano) Govaerts",Accepted,,H,WCSP,117813,,"World Checklist Bibliogr. Magnoliaceae","39","","1996"
kew-464318,A,Magnoliaceae,,Magnolia,,"sapaensis",,"","(N.H.Xia & Q.N.Vu) Grimshaw & Macer",Accepted,,H,WCSP,464318,60455873-2,"Magnolia, J. Magnolia Soc.","46: 6","","2011"
kew-117814,A,Magnoliaceae,,Magnolia,,"sarawakensis",,"","(A.Agostini) Noot.",Accepted,,H,WCSP,117814,944632-1,"Blumea","32: 380","","1987"
kew-117815,A,Magnoliaceae,,Magnolia,,"sargentiana",,"","Rehder & E.H.Wilson",Accepted,,H,WCSP,117815,554832-1,"Pl. Wilson.","1: 398","","1913"
kew-117817,A,Magnoliaceae,,Magnolia,,"schiedeana",,"","Schltl.",Accepted,,H,WCSP,117817,,"Bot. Zeitung (Berlin)","22: 144","","1864"
kew-117818,A,Magnoliaceae,,Magnolia,,"scortechinii",,"","(King) Figlar & Noot.",Accepted,,H,WCSP,117818,60433090-2,"Blumea","49: 97","","2004"
kew-117820,A,Magnoliaceae,,Magnolia,,"sellowiana",,"","(A.St.-Hil.) Govaerts",Accepted,,H,WCSP,117820,,"World Checklist Bibliogr. Magnoliaceae","39","","1996"
kew-117823,A,Magnoliaceae,,Magnolia,,"sharpii",,"","V.V.Miranda",Accepted,,H,WCSP,117823,,"Anales Inst. Biol. Univ. Nac. México","26: 79","","1955"
kew-252969,A,Magnoliaceae,,Magnolia,,"shiluensis",,"","(Chun & Y.F.Wu) Figlar",Accepted,,H,WCSP,252969,20011718-1,"Proc. Int. Symp. Magnoliac.","23","","2000"
kew-117824,A,Magnoliaceae,,Magnolia,,"siamensis",,"","(Dandy) H.Keng",Accepted,,H,WCSP,117824,554839-1,"Gard. Bull. Singapore","31: 129","","1978"
kew-117825,A,Magnoliaceae,,Magnolia,,"sieboldii",,"","K.Koch",Accepted,,H,WCSP,117825,554840-1,"Hort. Dendrol.","4: 11","","1853"
kew-117826,A,Magnoliaceae,,Magnolia,,"sieboldii",subsp.,"japonica","K.Ueda",Accepted,,L,WCSP,117826,886607-1,"Acta Phytotax. Geobot.","31: 121","","1980"
kew-117828,A,Magnoliaceae,,Magnolia,,"sieboldii",subsp.,"sinensis","(Rehder & E.H.Wilson) Spongberg",Accepted,,L,WCSP,117828,,"J. Arnold Arbor.","57: 279","","1976"
kew-117829,A,Magnoliaceae,,Magnolia,,"silvioi",,"","(Lozano) Govaerts",Accepted,,H,WCSP,117829,,"World Checklist Bibliogr. Magnoliaceae","40","","1996"
kew-117832,A,Magnoliaceae,,Magnolia,,"singapurensis",,"","(Ridl.) H.Keng",Accepted,,H,WCSP,117832,554843-1,"Gard. Bull. Singapore","31: 129","","1978"
kew-117833,A,Magnoliaceae,,Magnolia,,"sinica",,"","(Y.W.Law) Noot.",Accepted,,H,WCSP,117833,915250-1,"Blumea","31: 91","","1985"
kew-117835,A,Magnoliaceae,,Magnolia,,"sirindhorniae",,"","Noot. & Chalermglin",Accepted,,H,WCSP,117835,1015400-1,"Blumea","45: 245","","2000"
kew-117837,A,Magnoliaceae,,Magnolia,,"sororum",,"","Seibert",Accepted,,H,WCSP,117837,149312-2,"Ann. Missouri Bot. Gard.","25: 828","","1938"
kew-117840,A,Magnoliaceae,,Magnolia,×,"soulangeana",,"","Soul.-Bod.",Accepted,,H,WCSP,117840,,"Trans. Linn. Soc. Paris","1826: 269","","1826"
tro-19300134,A,Magnoliaceae,,Magnolia,×,"soulangeana",,"","Hamel (pro sp.)",Unresolved,,L,TRO,19300134,,"Ann. Soc. Hort. Paris","1: 90","90","1827"
tro-50099113,A,Magnoliaceae,,Magnolia,,"soulangeana",,"","Soul.-Bod.",Unresolved,,L,TRO,50099113,,"Mém. Soc. Linn. Paris","269","269","1826"
kew-117843,A,Magnoliaceae,,Magnolia,,"spathulata",,"","W.C.Cheng ex C.Pei",Unresolved,,L,WCSP,117843,554847-1,"Proc. Pacific Sci. Congr.","Canada 4: 3168","","1933 publ. 1934"
kew-117844,A,Magnoliaceae,,Magnolia,×,"speciosa",,"","Rchb.",Unresolved,,L,WCSP,117844,,"Fl. Exot.","5: 37","","1836"
kew-252970,A,Magnoliaceae,,Magnolia,,"sphaerantha",,"","(C.Y.Wu ex Y.W.Law & Y.F.Wu) Sima",Accepted,,H,WCSP,252970,20012321-1,"Yunnan Forest. Sci. Technol.","2001(2): 34","","2001"
kew-117848,A,Magnoliaceae,,Magnolia,,"splendens",,"","Urb.",Accepted,,H,WCSP,117848,149313-2,"Symb. Antill.","1: 306","","1899"
kew-117850,A,Magnoliaceae,,Magnolia,,"sprengeri",,"","Pamp.",Accepted,,H,WCSP,117850,554854-1,"Nuovo Giorn. Bot. Ital.","n.s., 22: 295","","1915"
kew-117853,A,Magnoliaceae,,Magnolia,,"stellata",,"","(Siebold & Zucc.) Maxim.",Accepted,,H,WCSP,117853,554855-1,"Bull. Acad. Imp. Sci. Saint-Pétersbourg","17: 418","","1872"
kew-117856,A,Magnoliaceae,,Magnolia,,"striatifolia",,"","Little",Accepted,,H,WCSP,117856,149314-2,"Phytologia","18: 198","","1969"
kew-252972,A,Magnoliaceae,,Magnolia,,"sumatrae",,"","(Dandy) Figlar & Noot.",Accepted,,H,WCSP,252972,60433403-2,"Blumea","49: 97","","2004"
kew-467470,A,Magnoliaceae,,Magnolia,,"sumatrana",,"","(Miq.) Figlar & Noot.",Accepted,,H,WCSP,467470,77115200-1,"Blumea","56: 334","","2011"
kew-467475,A,Magnoliaceae,,Magnolia,,"sumatrana",var.,"glauca","(Blume) Figlar & Noot.",Accepted,,L,WCSP,467475,77115201-1,"Blumea","56: 334","","2011"
kew-117861,A,Magnoliaceae,,Magnolia,,"tamaulipana",,"","Vazquez",Accepted,,H,WCSP,117861,,"Brittonia","46: 18","","1994"
tro-19300275,A,Magnoliaceae,,Magnolia,,"tenuicarpa",,"","H.T. Chang",Unresolved,,L,TRO,19300275,,"Acta Sci. Nat. Univ. Sunyatseni","1: 54","54","1961"
kew-252974,A,Magnoliaceae,,Magnolia,,"thailandica",,"","Noot. & Chalermglin",Accepted,,H,WCSP,252974,20010082-1,"Blumea","47: 541","","2002"
kew-117865,A,Magnoliaceae,,Magnolia,×,"thompsoniana",,"","de Vos",Unresolved,,L,WCSP,117865,,"Ned. Fl. Pomona","131","","1876"
kew-117869,A,Magnoliaceae,,Magnolia,,"tripetala",,"","(L.) L.",Accepted,,H,WCSP,117869,554866-1,"Syst. Nat. ed. 10","2: 1082","","1759"
kew-252975,A,Magnoliaceae,,Magnolia,,"tsiampacca",,"","(L.) Figlar & Noot.",Accepted,,H,WCSP,252975,60433399-2,"Blumea","49: 98","","2004"
kew-252976,A,Magnoliaceae,,Magnolia,,"tsiampacca",var.,"glaberrima","(Dandy) Figlar & Noot.",Accepted,,L,WCSP,252976,60433156-2,"Blumea","49: 98","","2004"
kew-252977,A,Magnoliaceae,,Magnolia,,"tsiampacca",subsp.,"mollis","(Dandy) Figlar & Noot.",Accepted,,L,WCSP,252977,60433157-2,"Blumea","49: 98","","2004"
kew-117874,A,Magnoliaceae,,Magnolia,,"urraoensis",,"","(Lozano) Govaerts",Accepted,,H,WCSP,117874,,"World Checklist Bibliogr. Magnoliaceae","41","","1996"
kew-345284,A,Magnoliaceae,,Magnolia,,"utilis",,"","(Dandy) V.S.Kumar",Accepted,,H,WCSP,345284,77074669-1,"Kew Bull.","61: 185","","2006"
kew-374790,A,Magnoliaceae,,Magnolia,,"vazquezii",,"","Cruz Durán & K.Vega",Accepted,,H,WCSP,374790,,"Novon","18: 22","","2008"
kew-117876,A,Magnoliaceae,,Magnolia,×,"veitchii",,"","Bean",Unresolved,,L,WCSP,117876,,"J. Roy. Hort. Soc.","46: 321","","1921"
kew-117877,A,Magnoliaceae,,Magnolia,,"velutina",,"","P.Parm.",Unresolved,,L,WCSP,117877,554873-1,"Bull. Sc. France Belgique","27: 269","","1896"
kew-117878,A,Magnoliaceae,,Magnolia,,"venezuelensis",,"","(Lozano) Govaerts",Accepted,,H,WCSP,117878,,"World Checklist Bibliogr. Magnoliaceae","42","","1996"
kew-345281,A,Magnoliaceae,,Magnolia,,"ventii",,"","(N.V.Tiep) V.S.Kumar",Accepted,,H,WCSP,345281,77074670-1,"Kew Bull.","61: 185","","2006"
kew-117882,A,Magnoliaceae,,Magnolia,,"villosa",,"","(Miq.) H.Keng",Accepted,,H,WCSP,117882,554876-1,"Gard. Bull. Singapore","31: 129","","1978"
kew-117883,A,Magnoliaceae,,Magnolia,,"virginiana",,"","L.",Accepted,,H,WCSP,117883,30016308-2,"Sp. Pl.","535","","1753"
kew-117885,A,Magnoliaceae,,Magnolia,,"virginiana",var.,"australis","Sarg.",Accepted,,L,WCSP,117885,149316-2,"Bot. Gaz.","67: 231","","1919"
tro-50318932,A,Magnoliaceae,,Magnolia,,"viridula",,"","(D.L. Fu, T.B. Zhao & G.H. Tian) Noot.",Accepted,,M,TRO,50318932,77097505-1,"Fl. China","7: 50","50","2008"
kew-117894,A,Magnoliaceae,,Magnolia,,"virolinensis",,"","(Lozano) Govaerts",Accepted,,H,WCSP,117894,,"World Checklist Bibliogr. Magnoliaceae","42","","1996"
kew-117895,A,Magnoliaceae,,Magnolia,,"vrieseana",,"","(Miq.) Baill. ex Pierre",Accepted,,H,WCSP,117895,554878-1,"Fl. Forest. Cochinch.","2","","1880"
kew-117897,A,Magnoliaceae,,Magnolia,×,"wiesneri",,"","Carr",Unresolved,,L,WCSP,117897,,"Rev. Hort.","62: 406","","1890"
kew-117898,A,Magnoliaceae,,Magnolia,,"wilsonii",,"","(Finet & Gagnep.) Rehder",Accepted,,H,WCSP,117898,554881-1,"Pl. Wilson.","1: 395","","1913"
kew-117901,A,Magnoliaceae,,Magnolia,,"wolfii",,"","(Lozano) Govaerts",Accepted,,H,WCSP,117901,,"World Checklist Bibliogr. Magnoliaceae","43","","1996"
kew-117902,A,Magnoliaceae,,Magnolia,×,"wugangensis",,"","T.B.Zhao, W.B.Sun & Zhi X.Chen",Accepted,,H,WCSP,117902,1008091-1,"Acta Bot. Yunnan.","21: 171","","1999"
kew-252980,A,Magnoliaceae,,Magnolia,,"xanthantha",,"","(C.Y.Wu ex Y.W.Law & Y.F.Wu) Figlar",Accepted,,H,WCSP,252980,20011721-1,"Proc. Int. Symp. Magnoliac.","23","","2000"
kew-458282,A,Magnoliaceae,,Magnolia,,"xiana",,"","Noot.",Accepted,,H,WCSP,458282,77097506-1,"in Fl. China","7: 50","","2008"
kew-458283,A,Magnoliaceae,,Magnolia,,"xinganensis",,"","Noot.",Accepted,,H,WCSP,458283,77097507-1,"in Fl. China","7: 50","","2008"
kew-117904,A,Magnoliaceae,,Magnolia,,"yarumalensis",,"","(Lozano) Govaerts",Accepted,,H,WCSP,117904,,"World Checklist Bibliogr. Magnoliaceae","43","","1996"
kew-117905,A,Magnoliaceae,,Magnolia,,"yoroconte",,"","Dandy",Accepted,,H,WCSP,117905,149319-2,"J. Bot.","68: 147","","1930"
kew-117908,A,Magnoliaceae,,Magnolia,,"yunnanensis",,"","(Hu) Noot.",Accepted,,H,WCSP,117908,915251-1,"Blumea","31: 88","","1985"
kew-345299,A,Magnoliaceae,,Magnolia,,"yuyuanensis",,"","(Y.W.Law) V.S.Kumar",Accepted,,H,WCSP,345299,,"Kew Bull.","62: 185","","2006"
kew-117909,A,Magnoliaceae,,Magnolia,,"zenii",,"","W.C.Cheng",Accepted,,H,WCSP,117909,554885-1,"Contrib. Biol. Lab. Chin. Assoc. Advancem. Sci., Sect. Bot.","8: 291","","1933"
kew-458284,A,Magnoliaceae,,Magnolia,,"zhengyiana",,"","(N.H.Xia) Noot.",Accepted,,H,WCSP,458284,77097509-1,"in Fl. China","7: 50","","2008"
tro-50328732,A,Magnoliaceae,,Manglietia,,"admirabilis",,"","Y.W. Law & R.Z. Zhou",Unresolved,,L,TRO,50328732,,"Magnolias China","120","120","2004"
tro-50328745,A,Magnoliaceae,,Manglietia,,"albistaminata",,"","Y.W. Law & R.Z. Zhou",Unresolved,,L,TRO,50328745,,"Magnolias China","122","122","2004"
tro-50328735,A,Magnoliaceae,,Manglietia,,"carimina",,"","Y.W. Law & R.Z. Zhou",Unresolved,,L,TRO,50328735,,"Magnolias China","126","126","2004"
kew-458303,A,Magnoliaceae,,Manglietia,,"guangzhouensis",,"","A.Q.Dong, Q.W.Zeng & F.W.Xing",Unresolved,,L,WCSP,458303,,"Nordic J. Bot.","27: 339","","2009"
tro-50328736,A,Magnoliaceae,,Manglietia,,"laojunia",,"","Y.W. Law & R.Z. Zhou",Unresolved,,L,TRO,50328736,,"Magnolias China","158","158","2004"
kew-458304,A,Magnoliaceae,,Manglietia,,"lawii",,"","N.H.Xia & W.F.Liao",Unresolved,,L,WCSP,458304,77097177-1,"Nordic J. Bot.","27: 1","","2009"
tro-50328737,A,Magnoliaceae,,Manglietia,,"malipoensis",,"","S.C. Yang & Y.W. Law",Unresolved,,L,TRO,50328737,,"Magnolias China","166","166","2004"
tro-50328738,A,Magnoliaceae,,Manglietia,,"miechangensis",,"","Y.W. Law & D.X. Li",Unresolved,,L,TRO,50328738,,"Magnolias China","173","173","2004"
tro-50328739,A,Magnoliaceae,,Manglietia,,"nucifera",,"","D.X. Li & R.Z. Zhou",Unresolved,,L,TRO,50328739,,"Magnolias China","176","176","2004"
tro-50328740,A,Magnoliaceae,,Manglietia,,"paruicula",,"","Y.W. Law & R.Z. Zhou",Unresolved,,L,TRO,50328740,,"Magnolias China","184","184","2004"
tro-50328746,A,Magnoliaceae,,Manglietia,,"renzhangii",,"","Y.W. Law",Unresolved,,L,TRO,50328746,,"Magnolias China","187","187","2004"
tro-50328741,A,Magnoliaceae,,Manglietia,,"tengchongensis",,"","S.C. Yang & Y.W. Law",Unresolved,,L,TRO,50328741,,"Magnolias China","196","196","2004"
tro-50328742,A,Magnoliaceae,,Manglietia,,"zhengkangensis",,"","R.Z. Zhou & D.X. Li",Unresolved,,L,TRO,50328742,,"Magnolias China","204","204","2004"
tro-50099121,A,Magnoliaceae,,Michelia,,"alba",,"","DC.",Accepted,,M,TRO,50099121,554933-1,"Syst. Nat.","1: 449","449","1818"
tro-50333276,A,Magnoliaceae,,Michelia,,"bailina",,"","Y.W. Law & R.Z. Zhou",Unresolved,,L,TRO,50333276,,"Magnolias China","218","218","2004"
tro-50333250,A,Magnoliaceae,,Michelia,,"biacuminata",,"","Y.W. Law & R.Z. Zhou",Unresolved,,L,TRO,50333250,,"Magnolias China","224","224","2004"
kew-458350,A,Magnoliaceae,,Michelia,,"cavaleriei",var.,"platypetala","(Hand.-Mazz.) N.H.Xia",Unresolved,,L,WCSP,458350,77097534-1,"in Fl. China","7: 85","","2008"
tro-50238943,A,Magnoliaceae,,Michelia,,"champaca",var.,"champaca","",Unresolved,,L,TRO,50238943,,"","","",""
tro-50238950,A,Magnoliaceae,,Michelia,,"champava",,"","Lour. ex Gomes",Unresolved,,L,TRO,50238950,,"Mem. Acad. Sc. Lisboa Cl. Sc. Pol. Mor. Bel.-Let. n.s.","4: 27","27","1868"
tro-50333251,A,Magnoliaceae,,Michelia,,"elliptifolia",,"","Y.W. Law & R.Z. Zhou",Unresolved,,L,TRO,50333251,,"Magnolias China","246","246","2004"
kew-345314,A,Magnoliaceae,,Michelia,,"fulva",var.,"calcicola","(C.Y.Wu ex Y.W.Law & Y.F.Wu) Sima & H.Yu",Unresolved,,L,WCSP,345314,,"Seed Pl. Honghue Reg. Yunnan","56","","2003"
tro-50333260,A,Magnoliaceae,,Michelia,,"funingensis",,"","D.X. Li & Y.W. Law",Unresolved,,L,TRO,50333260,,"Magnolias China","265","265","2004"
tro-19300150,A,Magnoliaceae,,Michelia,,"glaucifolia",,"","Law",Unresolved,,L,TRO,19300150,,"","","",""
tro-50235617,A,Magnoliaceae,,Michelia,,"guatapensis",,"","Govaerts",Unresolved,,L,TRO,50235617,,"World Checkl. Bibliogr. Magnoliaceae","71","71","1996"
tro-19300109,A,Magnoliaceae,,Michelia,,"lotungensis",,"","Chun & C. Tsoong",Unresolved,,L,TRO,19300109,,"","","",""
tro-50333259,A,Magnoliaceae,,Michelia,,"microphylla",,"","Y.W. Law & P.C. Zhou",Unresolved,,L,TRO,50333259,,"Magnolias China","296","296","2004"
tro-50333245,A,Magnoliaceae,,Michelia,,"ovatifolia",,"","Y.W. Law & R.Z. Zhou",Unresolved,,L,TRO,50333245,,"Magnolias China","300","300","2004"
kew-126777,A,Magnoliaceae,,Michelia,,"parviflora",,"","Rumph. ex DC.",Unresolved,,L,WCSP,126777,555005-1,"Syst. Nat.","1: 449","","1818"
kew-126779,A,Magnoliaceae,,Michelia,,"parvifolia",,"","Blume",Unresolved,,L,WCSP,126779,555007-1,"Fl. Javae","19-20: 8","","1829"
tro-19300107,A,Magnoliaceae,,Michelia,,"rleineriana",,"","Dunn",Unresolved,,L,TRO,19300107,,"","","",""
tro-50333197,A,Magnoliaceae,,Michelia,,"rufivillosa",,"","D.X. Li & S.C. Yang",Unresolved,,L,TRO,50333197,,"Magnolias China","312","312","2004"
kew-458351,A,Magnoliaceae,,Michelia,,"viridipetala",,"","Y.W.Law, R.Z.Zhou & Q.F.Yi",Unresolved,,L,WCSP,458351,,"Nordic J. Bot.","26: 338","","2009"
tro-50318936,A,Magnoliaceae,,Michelia,,"xanthina",,"","C.Y. Wu ex Y.W. Law & Y.F. Wu",Unresolved,,L,TRO,50318936,,"","","",""
tro-50333198,A,Magnoliaceae,,Michelia,,"xanthostemina",,"","D.X. Li & Y.W. Law",Unresolved,,L,TRO,50333198,,"Magnolias China","326","326","2004"
tro-50333224,A,Magnoliaceae,,Michelia,,"xiangnanensis",,"","Q.W. Zeng & Y.W. Law",Unresolved,,L,TRO,50333224,,"Magnolias China","334","334","2004"
tro-50333223,A,Magnoliaceae,,Michelia,,"yunshanensis",,"","Y.W. Law & R.Z. Zhou",Unresolved,,L,TRO,50333223,,"Magnolias China","334","334","2004"
tro-19300084,A,Magnoliaceae,,Michelia,,"yuyuanensis",,"","Law",Unresolved,,L,TRO,19300084,,"","","",""
tro-50073308,A,Magnoliaceae,,Sphaerostema,,"japonica",,"","Siebold & Zucc.",Unresolved,,L,TRO,50073308,,"","","",""
tro-19300252,A,Magnoliaceae,,Talauma,,"argyrotrichum",,"","(Lozano) Vázq. Avila",Accepted,,M,TRO,19300252,,"","","",""
tro-50235559,A,Magnoliaceae,,Talauma,,"coerulea",,"","Steud.",Unresolved,,L,TRO,50235559,555135-1,"Nomencl. Bot. (ed. 2)","2: 660","660","1841"
tro-19300114,A,Magnoliaceae,,Talauma,,"cv",,"","lasia Dandy",Unresolved,,L,TRO,19300114,,"","","",""
tro-50184011,A,Magnoliaceae,,Talauma,,"grandifolia",,"","Merr.",Unresolved,,L,TRO,50184011,,"Publ. Bur. Sci. Gov. Lab.","29: 13","13","1905"
tro-19300003,A,Magnoliaceae,,Talauma,,"lasia",,"","Dandy",Unresolved,,L,TRO,19300003,,"","","",""
tro-19300027,A,Magnoliaceae,,Talauma,,"sericea",,"","Poepp.",Unresolved,,L,TRO,19300027,,"","","",""
kew-462000,A,Magnoliaceae,,Yulania,,"carnosa",,"","D.L.Fu & D.L.Zhang",Unresolved,,L,WCSP,462000,77106450-1,"Bull. Bot. Res., Harbin","30: 385","","2010"
tro-50328866,A,Magnoliaceae,,Yulania,,"jigongshanensis",,"","(T.B. Chao, D.L. Fu & W.B. Sun) D.L. Fu",Accepted,,M,TRO,50328866,77062992-1,"J. Wuhan Bot. Res.","19: 198","198","2001"
tro-50328867,A,Magnoliaceae,,Yulania,,"multiflora",,"","(M.C. Wang & C.L. Min) D.L. Fu",Accepted,,M,TRO,50328867,77062326-1,"J. Wuhan Bot. Res.","19: 198","198","2001"
tro-50328868,A,Magnoliaceae,,Yulania,,"pilocarpa",,"","(Z.Z. Zhao & Z.W. Xie) D.L. Fu",Accepted,,M,TRO,50328868,77062314-1,"J. Wuhan Bot. Res.","19: 198","198","2001"
kew-462001,A,Magnoliaceae,,Yulania,,"shizhenii",,"","D.L.Fu & F.W.Li",Unresolved,,L,WCSP,462001,77106451-1,"Bull. Bot. Res., Harbin","30: 387","","2010"
